gr,phi2
1.098666666666666458e+00,6.022356273468156690e-02
6.026666666666665728e-01,5.227758344051212230e-02
2.933333333333335569e-01,5.850592947358101981e-02
