gr,phi2
1.898666666666666725e+00,6.654260177573961821e-02
7.999999999999998224e-01,6.011193085216152976e-02
3.946666666666668322e-01,5.334563434748825633e-02
