tem,gr
28,0.848298676
30,1.071634727
33,1.399730676
35,1.617620228
37,1.81813264
42,1.859054145
44,1.738972096
10,0.027443433
15,0.100693863
23,0.567222897
28,0.835452806
30,1.056875971
33,1.374479093
35,1.578331406
37,1.762975375
