ti,elfit
3.660992128866923274e-03,-5.473549520725360829e+00
3.399626041135475445e-03,-8.557954364312759798e-01
3.094538140182577762e-03,6.329334208458491373e-01
