logR,revK
-0.23052365861183238,0.003266372693124286
-0.11191791620398545,0.0032451728054518907
0.0,0.003224246332419797
