usedRP,phir
0.000000000000000000e+00,-1.094582233222548828e-01
1.000000000000000000e+00,4.690979565555197794e+00
