gr,phi2
7.200000000000000844e-01,5.484923960727786790e-02
2.453333333333333477e-01,5.865500807403170591e-02
8.533333333333342763e-02,6.123724511168193718e-02
