tem, lacz
10.1456310679612,1222.83609576427
15.2427184466019,1911.60220994475
25.3640776699029,2604.05156537753
30.1699029126214,2552.4861878453
40.2912621359223,2541.4364640884
