temp,phi2t,phict,grt
42,0.053254764572000006,0.016677854922000003,0.8848687411403557
37,0.039561414052999996,0.01635206794,0.98
