tag,phi2,phic,gr
Lib-07,0.054922479553999995,0.019065241326,0.7426576934570842
