temp,phi3
42,0.022561727396999996
37,0.01772365914
37,0.017378710372
37,0.017694982847
