gr,phi2
0,0.038011122082027976
1,0.040234342267360126
