tag,phi2,phic,gr
Lib-18,0.0461441208659,0.0181657201719,0.7048954378575715
