temp,phi3
25,0.012599676598059028
25,0.012485704027373049
30,0.011305503238058673
30,0.011320468630848568
37,0.01713048470282624
37,0.015656579548952446
