tem,phi3
30,0.017949
37,0.020038
37,0.019618
