groe,phi2
0.000000000000000000e+00,3.439198115290410807e-02
1.000000000000000000e+00,1.619093444369338552e+00
