tem,phi2,phir
37,0.052491671049262736,0.26214462601715555
42,0.08117295955830947,0.25574337731358626
