temp,phi3
42,0.021149791163834517
37,0.01708381527029163
