usedRP,phir
0.000000000000000000e+00,-3.900591507593063889e-02
1.000000000000000000e+00,2.284605888557881936e+00
