phi2t,medium,grt
0.06669,LB,1.205
0.050094,glc+cAA,0.915
0.042088,glc,0.644
0.044721000000000004,gly,0.418
0.041566000000000006,man,0.395
